"","resAdultLDLI_abhe"
"1","Vcard_DToL04008"
"2","Vcard_DToL04786"
"3","Vcard_DToL06310"
"4","Vcard_DToL15410"
"5","Vcard_DToL16791"
"6","Vcard_DToL17225"
"7","Vcard_DToL04008"
"8","Vcard_DToL04786"
"9","Vcard_DToL06310"
"10","Vcard_DToL15410"
"11","Vcard_DToL16791"
"12","Vcard_DToL17225"
"13","Vcard_DToL06730"
"14","Vcard_DToL07612"
"15","Vcard_DToL07962"
"16","Vcard_DToL09009"
"17","Vcard_DToL09011"
"18","Vcard_DToL17607"
"19","Vcard_DToL18414"
"20","Vcard_DToL00585"
"21","Vcard_DToL03150"
"22","Vcard_DToL04054"
"23","Vcard_DToL07723"
"24","Vcard_DToL08465"
"25","Vcard_DToL08606"
"26","Vcard_DToL08990"
"27","Vcard_DToL09507"
"28","Vcard_DToL09894"
"29","Vcard_DToL10386"
"30","Vcard_DToL10721"
"31","Vcard_DToL11322"
"32","Vcard_DToL12837"
"33","Vcard_DToL13223"
"34","Vcard_DToL13632"
"35","Vcard_DToL15079"
"36","Vcard_DToL15151"
"37","Vcard_DToL15472"
"38","Vcard_DToL15624"
"39","Vcard_DToL16096"
"40","Vcard_DToL16207"
"41","Vcard_DToL17518"
